incident_id,date,date_confidence,utility,notice_type,title,affected_areas_raw,region_ward,asset_type,source_url,notes
102015,2026-06-19T09:55:37,confirmed,water,planned_maintenance,Water supply interruption: Hebron and Itsoseng – 25 June 2026,will fall under Madibeng Local Municipality: Hebron Itsoseng The contact persons (for internal enquiries only) are as follows: Donald Ngonyama (Engineering Consultant): 079 622 9588 Lesego Lekubu (Project Manager): 082 940 6817 After hours: 012 358 2111/9999 or 080 1111 556 Residents are urged to make the following water-conservation measures part of their normal lifestyle: Do not water or irrigate gardens with hosepipes or sprinkler systems between 06:00 and 18:00,TBD,TBD,https://www.tshwane.gov.za/?p=102015,Residents in Madibeng Local Municipality who are supplied with water by the City of Tshwane (Hebron and Itsoseng) reservoir area are informed about a water supply interruption scheduled for 25 June 2026 from 08:00 to 16:00 ( eight hours) to install bulk meters on the bulk supply network. The affected areas will fall under Madibeng Local Municipality: Hebron Itsoseng The contact persons (for internal enquiries only) are as follows: Donald Ngonyama (Engineering Consultant): 079 622 9588 Lesego Lek
101771,2026-06-09T15:03:02,confirmed,electricity,planned_maintenance,Electricity supply interruption to affect several streets in Waterkloof Ridge – 9 June 2026,,TBD,TBD,https://www.tshwane.gov.za/?p=101771,"The City of Tshwane Energy and Electricity Business Unit will carry out two-day maintenance on the 11 kV panels at Aries Substation in Waterkloof Ridge on Wednesday, 10 June 2026, and Thursday, 11 June 2026. On both days, the technical team will implement hourly rotational switching on high-voltage switchgears at Aries Substation from 08:00 until 16:00 . The said maintenance work is necessitated by the City’s obligation to ensure reliable and safe electricity supply. The following streets in Wat"
101512,2026-06-01T12:59:59,confirmed,water,planned_maintenance,City of Tshwane water systems show steady recovery following Rand Water maintenance – 1 June 2026,". According to Rand Water, the Palmiet System is currently pumping at 89% capacity as it continues to stabilise",TBD,TBD,https://www.tshwane.gov.za/?p=101512,"The City of Tshwane is pleased to report continued progress in the recovery of its water distribution network following the completion of Rand Water’s planned maintenance programme. Most of the City’s reservoirs, towers and supply systems have remained stable throughout the recovery period, with water supply being maintained across most affected areas. According to Rand Water, the Palmiet System is currently pumping at 89% capacity as it continues to stabilise. Despite the system not yet operati"
100927,2026-05-25T10:00:40,confirmed,unclear,planned_maintenance,"Rand Water to embark on phased maintenance work at its Palmiet, Zuikerbosch and Mapleton Systems which supply water to parts of Tshwane- 24 May 2026",,TBD,TBD,https://www.tshwane.gov.za/?p=100927,"Rand Water will carry out two-phased annual maintenance of its infrastructure at the Palmiet, Zuikerbosch and Mapleton Systems to improve its network’s reliability and efficiency ahead of the start of the winter season. The first phase of this essential work will take place from Friday, 29 May 2026, to Tuesday, 2 June 2026. The planned maintenance work, according to the water utility, will coincide with Eskom’s planned critical maintenance activities which will enhance operational flexibility ac"
100661,2026-05-18T09:41:38,confirmed,water,planned_maintenance,Planned water supply interruption to affect the Soshanguve L Reservoir supply areas-15 May 2026,,TBD,TBD,https://www.tshwane.gov.za/?p=100661,"Customers in the Soshanguve L Reservoir supply area are informed about a water supply interruption planned for Tuesday, 2 June 2026 . On this day, technicians from the City of Tshwane’s Water and Sanitation Business Unit will replace a leaking coupling on the inlet side of the chamber at the Soshanguve L Reservoir. The said work, which is expected to last for eight hours, from 08:00 to 16:00 , will affect the following areas: Soshanguve South Ext 1 Soshanguve Block TT The City of Tshwane apologi"
98813,2026-03-23T13:39:47,confirmed,water,planned_maintenance,Planned shutdown of the water supply to affect Babelegi Reservoir and Tower supply areas-22 March 2026,Kekana Refilwe Mandela Village Marokolong Ramotse Babelegi industries Rockville Leboneng The City of Tshwane sincerely apologises for the inconvenience that may be encountered due to the above-mentioned planned work,TBD,TBD,https://www.tshwane.gov.za/?p=98813,"The City of Tshwane wishes to inform customers in the supply areas of the Babelegi Reservoir and Tower about a planned shutdown of the water supply on Thursday, 26 March 2026 . The shutdown, which is scheduled for 10 hours , from 07:00 to 17:00 , is necessitated by the need to carry out the installation of an inlet and bypass system on the reservoir meter. The following areas will be affected: Kekana Refilwe Mandela Village Marokolong Ramotse Babelegi industries Rockville Leboneng The City of Ts"
97851,2026-02-27T11:34:10,confirmed,water,planned_maintenance,Planned maintenance of a water supply network in Montana Ext 207 – 27 February 2026,,TBD,TBD,https://www.tshwane.gov.za/?p=97851,"On Wednesday, 4 March 2026, the City of Tshwane’s Water and Sanitation Business Unit will carry out maintenance and upgrading work to the water supply network in Montana Ext 207, along Jeugd Road between Veronica and Dr Swanepoel Roads. This essential work is expected to last for nine hours , from 08:00 to 17:00 , and may result in a water supply interruption in the following areas and roads: Montana Ext 110, 116, 131 and 174 Montana AH and surrounding areas Jeugd Road between Veronica and Dr Sw"
97840,2026-02-27T11:27:21,confirmed,water,planned_maintenance,Planned maintenance of Willow Acres Water Meter- 26 February 2026,Silver Lakes Willow Acres NB: The upgrade may affect other areas not mentioned and the City apologises in advance should this occur,TBD,TBD,https://www.tshwane.gov.za/?p=97840,"The City of Tshwane Water and Sanitation Business Unit has been notified by Rand Water of planned maintenance on the Willow Acres Water Meter, scheduled to take place from 2 to 3 March 2026 . During this period, Rand Water will replace the water meter to ensure improved efficiency and reliability of the water supply network. The work is expected to take eight hours, from 18:00 on Monday until 02:00 on Tuesday, to complete . The following areas will be affected: Silver Lakes Willow Acres NB: The "
97568,2026-02-12T14:35:15,confirmed,water,system_status_update,"The City of Tshwane’s Regions 1, 3 and 4 water network system update – 12 February 2026",,TBD,TBD,https://www.tshwane.gov.za/?p=97568,"Some of the City of Tshwane’s reservoirs in Regions 1, 3 and 4, which have been struggling to recover from their depletion since last week following inflow challenges, have shown some signs of stability, their low-level status notwithstanding. The Ga-Rankuwa and Mabopane Central reservoirs are stable and operating normally. The Pretoriusrand Reservoir has recovered and is also at stable levels. In the high-consumption areas, the Atteridgeville HL and Laudium reservoirs are stable, however, consu"
97502,2026-02-12T11:39:48,confirmed,water,system_status_update,Latest water supply update: Bronkhorstspruit System – 12 February 2026,,TBD,TBD,https://www.tshwane.gov.za/?p=97502,"Customers who are supplied by the Zithobeni Tower Zone are strongly urged to reduce their consumption levels, which are excessively high. This high consumption behaviour is putting severe strain on the Bronkhorstspruit Water Treatment Plant, which has so far been running consistently since Tuesday, 3 February 2026, with a production figure of 30 Mℓ per day. This morning, Thursday, 12 February 2026, the Zithobeni Tower, which was sitting above 40% yesterday afternoon, ran empty due to high consum"
97477,2026-02-11T15:10:52,confirmed,electricity,planned_maintenance,Planned power supply interruption to affect the Cornwall Hill Substation – 11 February 2026,Irene Mall Doornkloof plots Cornwall Hill Cornwall Hill Estate Route 21 Business Park Rietvlei Ridge Rietvlei Heights Customers are advised to treat all electricity supply points as live at all times,TBD,TBD,https://www.tshwane.gov.za/?p=97477,"Customers in the Cornwall Hill Substation supply area are informed about a planned shutdown of the power supply on Sunday, 22 February 2026 , to allow the technical team to attend to a sinkhole that has developed in the vicinity of the substation. The sinkhole has progressively worsened, which compels the City’s geotechnical team to carry out emergency assessments to determine the level of risk to the substation with a view to implementing the appropriate mitigation measures. In the interest of "
97461,2026-02-11T14:59:32,confirmed,water,system_status_update,Tshwane’s water network system continues to be under severe strain- 11 February 2026,,TBD,TBD,https://www.tshwane.gov.za/?p=97461,"The City of Tshwane’s water distribution network is still under severe strain as the inflow from Rand Water persists at a low level, which has been exacerbated by high consumption. The exceedingly high consumption by consumers has adversely impacted the main receiving reservoirs in Regions 1, 3 and 4, which are at critical levels, with some already running empty. As of this morning, Wednesday, 11 February 2026, the Soshanguve Block L and Mabopane Reservoirs were still empty. Our teams are closel"
97421,2026-02-10T09:16:20,confirmed,water,system_status_update,High water consumption adversely impacting City of Tshwane supply – 9 February 2026,,TBD,TBD,https://www.tshwane.gov.za/?p=97421,"The City of Tshwane is experiencing excessively high water consumption, which is putting the City’s water network system under severe strain. The City has so far identified certain areas in various regions which are the main contributors to the overall high volume of consumption within Tshwane. Our water balance data accessed on www.tshwane.gov.za indicates that water use in some areas is above the average household consumption. Since December 2025, consumption has averaged more than 30,6 kℓ per"
97022,2026-02-02T14:39:24,confirmed,water,rescheduled,Rescheduled water supply interruption to affect some areas in Region 6 – 31 January 2026,,TBD,TBD,https://www.tshwane.gov.za/?p=97022,"The City of Tshwane’s Water and Sanitation Business Unit has rescheduled planned maintenance and upgrade work on the water supply network at the cnr of Struben Street and Graham Road in Region 6. The work is now scheduled to take place on Wednesday, 4 February 2026 . The maintenance was initially planned for Wednesday, 28 January 2026 , but unforeseen challenges within the network necessitated the rescheduling of this work. The essential maintenance is expected to last approximately nine hours, "
97006,2026-02-02T14:24:43,confirmed,electricity,unclassified,Update on Njala Substation outage – 31 January 2026,,TBD,TBD,https://www.tshwane.gov.za/?p=97006,"The City’s technical teams have confirmed that transformers 1A and 1B at the Njala Substation tripped earlier today, resulting in a widespread power interruption. Detailed investigations found transformer 1A to be the source of the initial trip and that it has developed a fault. As a safety precaution, it has been isolated and will not be re-energised until all required technical tests and assessments have been completed. During efforts to restore supply through transformer 1B, technicians detec"
96491,2026-01-19T10:34:16,confirmed,electricity,rescheduled,"Planned electricity supply interruption affecting areas serviced by the Pumulani, Waltloo and Koedoespoort Substations -16 January 2026",,TBD,TBD,https://www.tshwane.gov.za/?p=96491,"Customers supplied by the Pumulani, Waltloo and Koedoespoort Substations are advised of a rescheduled planned electricity supply interruption planned for Sunday, 25 January 2026 . The planned interruption is required to allow technicians from the City’s Energy and Electricity Business Unit to carry out urgent repair work on Tower 62 near Denlyn Mall. These repairs are necessary to prevent further damage to critical electricity infrastructure and to improve network reliability. The work was initi"
96445,2026-01-15T09:40:31,confirmed,electricity,rescheduled,Rescheduled planned power supply interruption to affect Soshanguve – 14 January 2026,,TBD,TBD,https://www.tshwane.gov.za/?p=96445,"Residents and businesses in Soshanguve are advised of a rescheduled planned electricity supply interruption on Sunday, 18 January 2026 , from 09:00 to 16:00 , to allow the City of Tshwane to conduct essential maintenance work at the K3 Substation. The maintenance work is necessary to enable the City’s technical teams to carry out repairs on fibre-optic cables that have impacted the protection inter-trip systems and the supervisory control and data acquisition (SCADA) system communication links b"
96273,2025-12-22T14:01:15,confirmed,water,planned_maintenance,Planned water supply interruption: Waterkloof East and Carina Street reservoir supply areas -20 December 2025,,TBD,TBD,https://www.tshwane.gov.za/?p=96273,"Residents supplied by the Waterkloof East and Carina Street reservoirs are hereby informed of a planned water supply interruption scheduled for Tuesday, 6 January 2025. On this day, the City of Tshwane’s technical team will be undertaking essential work to connect a newly installed pipeline to the existing water reticulation system that serves the affected reservoir supply areas. As a result, the water supply will be temporarily interrupted for a period of 14 hours, from 08:00 to 22:00, affectin"
96188,2025-12-18T09:20:10,confirmed,water,planned_maintenance,Palmiet water supply system shows gradual but uneven recovery following Rand Water maintenance -18 December 2025,". These measures are intended to alleviate hardship while the Palmiet system continues its recovery, and they are being coordinated on the ground to prioritise the most affected communities",TBD,TBD,https://www.tshwane.gov.za/?p=96188,"Following the successful completion of Rand Water’s scheduled maintenance programme, the City of Tshwane confirms that recovery on the Palmiet supply system is underway. Water is steadily re-entering the network; however, the scale and complexity of the system mean that pressure restoration and reservoir replenishment are occurring progressively rather than simultaneously across all supply zones. The Palmiet system is showing pockets of improvement, although the overall recovery remains uneven a"
96156,2025-12-17T09:50:16,confirmed,electricity,planned_maintenance,Planned power supply interruption deferred for areas supplied by the Wapadrand Substation -14 December 2025,,TBD,TBD,https://www.tshwane.gov.za/?p=96156,"The City of Tshwane’s Energy and Electricity Business Unit had planned to carry out a five-day construction and upgrading programme on the Wapadrand 132/11 kV Substation, which would have resulted in power supply interruptions in the areas supplied by the substation. Residents and businesses are hereby advised that the planned work, which was scheduled to take place from Monday, 15 December 2025, to Friday, 19 December 2025 (from 09:00 to 17:00 daily), has been deferred to January 2026. The revi"
96145,2025-12-17T09:40:11,confirmed,electricity,planned_maintenance,"Planned electricity supply interruption to the areas supplied by Pumulani, Waltloo and Koedoespoort Substations -15 December 2025",,TBD,TBD,https://www.tshwane.gov.za/?p=96145,"On Sunday, 21 December 2025, the City of Tshwane Energy and Electricity Business Unit will switch off Pumulani, Waltloo and Koedoespoort Substations from 08:00 to 18:00. This ten-hour shutdown of electricity supply is necessitated by the need to carry out emergency repairs on the 132 kV Rooiwal-Waltloo Eland Line 1. The following areas supplied from the affected substations will be affected: · Balley Village · N4 Gateway · Derdepoort East and West · Nellmapius · Donkerhoek · Nellmapius Ext 1, 2 "
96129,2025-12-15T10:04:40,confirmed,electricity,planned_maintenance,Planned power supply interruption deferred for areas supplied by the Wapadrand Substation -14 December 2025,,TBD,TBD,https://www.tshwane.gov.za/?p=96129,"The City of Tshwane’s Energy and Electricity Business Unit had planned to carry out a five-day construction and upgrading programme on the Wapadrand 132/11 kV Substation, which would have resulted in power supply interruptions in the areas supplied by the substation. Residents and businesses are hereby advised that the planned work, which was scheduled to take place from Monday, 15 December 2025, to Friday, 19 December 2025 (from 09:00 to 17:00 daily), has been deferred to January 2026. The revi"
95559,2025-11-26T15:27:06,confirmed,water,planned_maintenance,Planned interruption to Rand Water Bronberg Mamelodi Reservoir and Irene water supply network – 26 November 2025,,TBD,TBD,https://www.tshwane.gov.za/?p=95559,"Residents in the Rand Water Bronberg Mamelodi Reservoir supply area are informed about a water supply interruption scheduled for 2 December 2025. On this day, the City’s technicians will carry out maintenance and repairs of the Rand Water Bronberg Mamelodi Direct R5 and R6 pressure-reducing valves. Regrettably, the water supply to the following areas will be interrupted for eight hours, from 08:00 to 16:00: Mahube Valley Ext 21, 24, 29 and 30 Mamelodi Ext 8, 11, 12, 18 and 22 Pienaarspoort Ext 2"
95379,2025-11-25T10:15:58,confirmed,water,planned_maintenance,Rand Water shutdown to affect parts of Rosslyn – 24 November 2025,,TBD,TBD,https://www.tshwane.gov.za/?p=95379,"The City of Tshwane has received a notification from Rand Water about the planned replacement of the Rosslyn North water meter from 06:00 on Friday, 19 December 2025, to 18:00 on Saturday, 20 December 2025. During this period, the water supply to the following areas and business amenities will be interrupted: Rosslyn Ext 1, 2, 11, 32, 33, 44, 45, 46 and 47 BMW SAB NB: The areas listed in the notice may not include all the areas that may be affected by the water outage, and the City apologises in"
95319,2025-11-24T09:12:36,confirmed,water,planned_maintenance,Planned water supply interruption to Atteridgeville HL Reservoir -21 November 2025,,TBD,TBD,https://www.tshwane.gov.za/?p=95319,"Residents in the Atteridgeville HL Reservoir supply area are informed about a water supply interruption planned for 27 November 2025. On this day, the City’s team of technicians will carry out maintenance and repair work at the said reservoir. Unfortunately, water supply to the following areas will be interrupted for eight hours, from 08:00 until 16:00: Atteridgeville Ext 16 Brazzaville and Siyahlala informal settlements Residents are urged to make the following water-conservation measures part "
95233,2025-11-20T12:25:33,confirmed,water,planned_maintenance,Water supply interruption to affect Die Wilgers and nearby areas -19 November 2025,Die Wilgers La Montagne North-west section of Equestria The City of Tshwane apologises for the inconvenience that may arise as a result of the above-mentioned work,TBD,TBD,https://www.tshwane.gov.za/?p=95233,"Tomorrow, 20 November 2025, the City of Tshwane Water and Sanitation Business Unit will carry out a tie-in connection of the pressure-reducing valve chamber to the existing water network on the corner of Simon Vermooten and Furrow Road in Die Wilgers. The said work is anticipated to take eight hours to complete from 08:00 to 16:00 . The following areas will be affected: Die Wilgers La Montagne North-west section of Equestria The City of Tshwane apologises for the inconvenience that may arise as "
95189,2025-11-19T10:58:25,confirmed,unclear,unclassified,Power outage affecting the Pretoria CBD and surrounding areas -19 November 2025,,TBD,TBD,https://www.tshwane.gov.za/?p=95189,The City is aware of a power outage affecting the Pretoria central business district and surrounding areas. A team of technicians has been dispatched to investigate the cause of the outage with a view to restoring this essential service. Areas affected by the blackout include the following: Arcadia Berea Groenkloof Muckleneuk Nana Sita Street and Edmond Street Pretoria Central Sunnyside Union Buildings Unisa Customers will be kept abreast of developments. The City apologises for the inconvenienc
94945,2025-11-14T14:07:26,confirmed,water,planned_maintenance,Continuation of maintenance on a water supply network in Irene Ext 204 and 205 – 13 November 2025,,TBD,TBD,https://www.tshwane.gov.za/?p=94945,"On Tuesday, 18 November 2025, the City of Tshwane Water and Sanitation Business Unit will carry out tie-in connection work on the water supply network in Irene on the corner of Nellmapius and Olievenhoutbosch Road. This scheduled work is a continuation of the tie-in connection that was carried out on Wednesday, 29 October 2025, but could not be completed due to unforeseen circumstances. The work is still anticipated to last for ten hours , from 08:00 until 18:00 , and might result in a water sup"
94939,2025-11-14T13:57:53,confirmed,electricity,planned_maintenance,Planned power supply interruption to affect Soshanguve and Rosslyn – 13 November 2025,,TBD,TBD,https://www.tshwane.gov.za/?p=94939,"Consumers in the K3 Substation supply zone are informed about a planned power supply shutdown to carry out essential maintenance work at the said substation. The shutdown is scheduled for Sunday, 23 November 2025, and is anticipated to last seven hours from 09:00 until 16:00 . The work is necessary to allow the Technical Support and Technology Management Section to carry out repairs on the damaged fibre cable, which has affected the protection inter-trips and Scada communication links on the 132"
94629,2025-11-03T15:36:20,confirmed,water,planned_maintenance,Water supply interruption to affect The Orchards Extension 116 – 31 October 2025,,TBD,TBD,https://www.tshwane.gov.za/?p=94629,"On Wednesday, 5 November 2025 , the City of Tshwane’s Water and Sanitation Business Unit will carry out two tie-in connections along Salie Street in The Orchards, Extension 116. The scheduled work involves the installation of a new T-piece and valve on the existing 315 mm uPVC water pipeline in Salie Street, south of Rachel de Beer Street, while the second tie-in connection will link the existing 160 mm uPVC water pipeline with the newly installed 315 mm water pipeline in Salie Street. This esse"
94150,2025-10-20T13:39:58,confirmed,water,planned_maintenance,Planned water supply interruption to Nellmapius – 19 October 2025,,TBD,TBD,https://www.tshwane.gov.za/?p=94150,"On Wednesday, 22 October 2025, the City of Tshwane Water and Sanitation Business Unit will shut down water supply to Bronberg Direct 1 Reservoir supply zones. On this day, the City’s technicians will carry out a connection of the newly installed infrastructure to the existing infrastructure. This essential work will take 12 hours to complete from 08:00 until 20:00 and will result in a water supply interruption to Nellmapius Ext 3, 4, 6, 7, 8, 13, 14, 15, 16, 17, 18, 19 and 22. The City of Tshwan"
94134,2025-10-20T13:28:56,confirmed,water,planned_maintenance,Planned water supply interruption to Nellmapius – 19 October 2025,,TBD,TBD,https://www.tshwane.gov.za/?p=94134,"On Wednesday, 22 October 2025, the City of Tshwane Water and Sanitation Business Unit will shut down water supply to Bronberg Direct 1 Reservoir supply zones On this day, the City’s technicians will carry out a connection of the newly installed infrastructure to the existing infrastructure. This essential work will take 12 hours to complete from 08:00 until 20:00 and will result in a water supply interruption to Nellmapius Ext 3, 4, 6, 7, 8, 13, 14, 15, 16, 17, 18, 19 and 22. The City of Tshwane"
93422,2025-09-29T10:23:54,confirmed,water,planned_maintenance,Water supply interruption to affect Nellmapius extensions – 26 September 2025,,TBD,TBD,https://www.tshwane.gov.za/?p=93422,"On Wednesday, 1 October 2025 , the City of Tshwane Water and Sanitation Business Unit will replace faulty equipment along the Salvokop Reservoir water supply network. The said work, which is expected to last for 12 hours from 08:00 until 20:00 , will lead to a water supply interruption in Nellmapius Ext 3, 4, 6, 7, 8, 13, 14, 15, 16, 17, 18, 19 and 22. The City of Tshwane apologises for the inconvenience that may arise as a result of the above-mentioned work. Residents are urged to make the foll"
93411,2025-09-29T09:44:30,confirmed,water,planned_maintenance,Water supply interruption to Waverley HL Reservoir supply zone – 26 September 2025,Bergtuin East Lynne Koedoespoort 325-JR Waverley Waverley Ext 1 The City of Tshwane sincerely apologises for the inconvenience that may be encountered during this planned water interruption,TBD,TBD,https://www.tshwane.gov.za/?p=93411,"Customers in the Waverley HL Reservoir supply zone are informed about a water supply shutdown scheduled for Tuesday, 30 September 2025 . On this day, the City’s technicians will connect newly installed water network pipelines to the existing water reticulation system. The said work is anticipated to last for 14 hours , from 08:00 until 22:00 . The following areas will be affected: Bergtuin East Lynne Koedoespoort 325-JR Waverley Waverley Ext 1 The City of Tshwane sincerely apologises for the inc"
93361,2025-09-26T09:46:05,confirmed,electricity,planned_maintenance,Electricity supply interruption in areas supplied by Boom Substation – 25 September 2025,,TBD,TBD,https://www.tshwane.gov.za/?p=93361,"The City of Tshwane’s Energy and Electricity Business Unit will on Saturday, 27 September 2025, switch off parts of the Boom Substation to carry out essential audit and maintenance work. This inevitable exercise is necessitated by the City’s obligation to ensure reliable and safe electricity supply. Unfortunately, the following streets within the Pretoria Central Business District will be without electricity for two hours , from 10:00 to 12:00 : · Bloed Street · Queens Street · Boom Street · Lut"
93017,2025-09-16T14:52:02,confirmed,unclear,planned_maintenance,Downtime for the City of Tshwane’s call centre and email services – 16 September 2025,,TBD,TBD,https://www.tshwane.gov.za/?p=93017,"Customers within the City of Tshwane’s jurisdiction are informed about the scheduled downtime of the call centre line 012 358 9999 and all official customer reporting emails tonight, 16 September 2025. The said downtime, which is necessitated by the need to carry out urgent maintenance on the City’s customer management systems, is anticipated to last for two hours from 21:00 until 23:00. Customers are advised that the following alternative City of Tshwane reporting channels and services will rem"
92976,2025-09-15T09:25:55,confirmed,water,rescheduled,Rescheduled maintenance of a water supply network in Waterkloof Ridge – 12 September 2025,,TBD,TBD,https://www.tshwane.gov.za/?p=92976,"On Tuesday, 16 September 2025, the City of Tshwane will carry out rescheduled upgrading and tie-in connection work to the water supply network at Erf 175, 118 Perseus Avenue, Waterkloof Ridge. This upgrading work was initially scheduled for ten hours on 10 September 2025 and had to be rescheduled due to unforeseen circumstances. The work is still anticipated to last ten hours, from 08:00 until 18:00, and might result in a water supply interruption in the following streets in Waterkloof Ridge: Ea"
92501,2025-08-26T14:17:55,confirmed,water,planned_maintenance,Water supply interruption to affect some parts of Hennopspark – 25 August 2025,", the City will provide roaming tankers until the situation normalises",TBD,TBD,https://www.tshwane.gov.za/?p=92501,"On Tuesday, 2 September 2025, the City of Tshwane’s Water and Sanitation Business Unit will carry out a scheduled tie-in connection to the water supply network along Jakaranda Street in Hennopspark. This unplanned interruption is expected to last eight hours, from 08:00 to 16:00 . The following extensions of Hennopspark will be affected: Hennopspark Ext 7, 15, 20, 21, 22, 23, 25, 31, 35, 40, 49, 54, 56, 61, 64, 71, 75, 77, 81, 84, 85, 86, 90, 91, 92 and 93 The following business amenities will a"
92488,2025-08-26T14:13:11,confirmed,water,planned_maintenance,Planned water supply interruption to affect Hatfield and nearby areas – 25 August 2025,during the period of the interruption,TBD,TBD,https://www.tshwane.gov.za/?p=92488,"Residents in the area of the Loftus bulk water supply line are informed about planned maintenance work which will take place on Thursday, 28 August 2025 . On this day, the team will conduct a CCTV inspection and install valves in preparation for repairs to a leak on a 250 mm pipeline in the area. This work is anticipated to last for eight hours, from 08:00 to 16:00, and it will affect the following areas: Brooklyn Colbyn Hatfield Part of Menlopark Muckleneuk Roaming water tankers will be arrange"
92455,2025-08-26T14:00:07,confirmed,electricity,planned_maintenance,Planned upgrade work to affect power supply in some parts of Soshanguve -23 January 2025,"• Blocks KK, V, T, R, S, SS, X, X buffer, P, W and Y Customers are advised to treat all electricity supply points as live at all times",TBD,TBD,https://www.tshwane.gov.za/?p=92455,"The City of Tshwane’s Energy and Electricity Department will on Wednesday, 29 January 2025, shutdown power supply to the Soshanguve 132/11kV Substation to work on its control systems. The scope of work to be carried out on the day involves testing and commissioning the communication systems between the control centre and the substation. This essential work which will enhance the management, monitoring and control of the electricity network is scheduled to last for seven hours from 09h00 until 16"
92149,2025-08-21T09:59:07,confirmed,electricity,rescheduled,Rescheduled power supply interruption to Kentron 11 kV Substation supply zone-19 August 2025,,TBD,TBD,https://www.tshwane.gov.za/?p=92149,"Customers in the Kentron Substation supply zone in Centurion are informed about the rescheduling of the three-day maintenance work, which was planned to last until Thursday, 21 August 2025. Unfortunately, the dedicated team of technicians from the City of Tshwane Energy and Electricity Business Unit encountered technical challenges while attempting to switch off the supply to the Highveld area, compelling the team to reschedule the work that was planned for today, 19 August 2025. This essential "
91564,2025-08-11T14:06:11,confirmed,electricity,planned_maintenance,Electricity supply interruption in areas supplied by 11 kV Waltloo Substation – 11 August 2025,,TBD,TBD,https://www.tshwane.gov.za/?p=91564,"Tomorrow, Tuesday, 12 August 2025, the City of Tshwane Energy and Electricity Business Unit will switch off parts of the 11 kV Waltloo Substation in order to carry out maintenance and audit this essential facility. The said maintenance work is necessitated by the City’s obligation to ensure a reliable and safe electricity supply. The following areas supplied by Waltloo Substation will experience an hourly rotational electricity supply interruption from 08:00 until 16:00: Leeuwfontein Estate Leeu"
91407,2025-08-11T12:09:15,confirmed,water,planned_maintenance,Temporary water supply interruption due to planned Mabopane Main Reservoir recovery maintenance 8 August 2025,,TBD,TBD,https://www.tshwane.gov.za/?p=91407,"The City of Tshwane is appealing to all residents in Mabopane and surrounding areas for patience and understanding as it undertakes an emergency maintenance intervention at Mabopane Main Reservoir. This critical intervention will commence on Tuesday, 12 August 2025, and is expected to last for approximately 24 hours, concluding in the evening of Wednesday, 13 August 2025. Mabopane Main Reservoir is currently under severe pressure due to extremely high water consumption. Despite sufficient bulk s"
91372,2025-08-07T10:14:08,confirmed,electricity,planned_maintenance,Urgent electricity network maintenance to affect Pretoria CBD and Prince’s Park supply areas – 6 August 2025,"Asiatic Bazaar Pretoria CBD Pretoria Townlands Salvokop West Park Customers are urged to always treat all network points as live, including during electricity supply interruption periods",TBD,TBD,https://www.tshwane.gov.za/?p=91372,"The City of Tshwane Energy and Electricity Business Unit would like to inform its customers in the Pretoria CBD and Prince’s Park supply areas about a scheduled power supply interruption tomorrow, Thursday, 7 August 2025, from 10:00. This inevitable power supply interruption is necessitated by the need to conduct emergency electricity network maintenance and testing at the 132/11 kV Prince’s Park Substation. The following areas will be affected: Asiatic Bazaar Pretoria CBD Pretoria Townlands Sal"
90329,2025-07-23T11:16:39,confirmed,electricity,planned_maintenance,Power supply interruption to affect customers in the Wapadrand and Mooikloof Substations supply grid 22 July 2025,by the shutdown: Boardwalk Bronberg Equestria Faerie Glen Garsfontein Lombardy Mooikloof Mooikloof Ridge Moreletapark Olympus Pretoriuspark Shere Line Silver Lakes Wapadrand Woodhill ZW Line The City of Tshwane apologises for any inconvenience that may arise as a result of this inevitable work,TBD,TBD,https://www.tshwane.gov.za/?p=90329,"Customers in the Wapadrand and Mooikloof Substations supply grid are informed about a planned power interruption on Sunday, 27 July 2025. This shutdown is planned for five hours, from 09:00 to 14:00. During this period, the City’s team of technicians will connect and energise the newly constructed line to the old transmission line. This shutdown forms part of the 300 MVA Waltloo-Njala transmission project, which aims to strengthen and stabilise electricity supply to the eastern grid of Tshwane, "
89869,2025-07-13T18:42:35,confirmed,water,planned_maintenance,Rand Water’s planned maintenance on its O2 pipeline to affect Tshwane reservoirs and meters 9 July 2025,,TBD,TBD,https://www.tshwane.gov.za/?p=89869,"The City of Tshwane has once again been notified by Rand Water about planned three-day maintenance work on its O2 pipeline from Tuesday, 15 July 2025, at 05:00 until Friday, 18 July 2025, at 08:00. According to the water utility, the work involves permanent repairs to the leaks on the O2 pipeline which were previously temporarily repaired by its team of technicians. The maintenance work is also part of Rand Water’s preparation for the higher demand period starting from August 2025. This essentia"
89850,2025-07-13T18:28:35,confirmed,water,planned_maintenance,"Planned water supply interruption to affect Lynnwood Ridge, La Montagne and Equestria",,TBD,TBD,https://www.tshwane.gov.za/?p=89850,"On Monday, 14 July 2025, the City’s team of technicians will replace a valve and carry out pipe fittings on a water supply system in Lynnwood Ridge. The said work is planned for eight hours from 08:00 until 16:00 and only Lynnwood Ridge will experience a water supply interruption. Meanwhile, the installation of a pressure-reducing valve and pipe fittings will be undertaken in Die Wilgers on Tuesday, 15 July 2025. For this installation work, it is anticipated that the water supply to La Montagne "
89694,2025-07-08T14:53:41,confirmed,water,planned_maintenance,Planned water supply interruption in Equestria and Murrayfield 8 July 2025,,TBD,TBD,https://www.tshwane.gov.za/?p=89694,"Tomorrow, 9 July 2025, the City of Tshwane will replace a valve and carry out pipe fittings in Equestria. This essential work will take eight hours to complete from 08:00 until 16:00 and will result in a water supply interruption in Equestria. Meanwhile, the City of Tshwane will also replace a valve and carry out pipe fittings in Murrayfield on Thursday, 10 July 2025. The work is anticipated to last for eight hours from 08:00 until 16:00 and the water supply will be interrupted in Murrayfield. T"
89620,2025-07-02T09:25:16,confirmed,water,planned_maintenance,Planned repairs to affect Cornwall Hill Reservoir 1 July 2025,Cornwall Hill Doornkloof 391-JR The City apologises for the inconvenience which may be caused as a result of the above-mentioned repair work,TBD,TBD,https://www.tshwane.gov.za/?p=89620,"On Tuesday, 8 July 2025 , the City of Tshwane Water and Sanitation Department will carry out repairs to a leak on the supply pipe to Cornwall Hill Reservoir. Unfortunately, the work in question will lead to a water supply interruption for a period of six hours, from 07:00 to 13:00. The following areas will be affected: Cornwall Hill Doornkloof 391-JR The City apologises for the inconvenience which may be caused as a result of the above-mentioned repair work. We appeal to all residents to conserv"
89464,2025-06-27T12:53:54,confirmed,water,water_quality_failure,Temporary shutdown of Themba Water Treatment Plant leads to an interruption in the supply zone – 27 June 2025,to ensure continued access to clean water,TBD,TBD,https://www.tshwane.gov.za/?p=89464,"The City of Tshwane regrets to inform customers residing in Themba and surrounding areas about a temporary water supply interruption following the shutdown of Themba Water Treatment Plant. This decision was taken as a necessary precaution to protect public health due to water quality challenges currently experienced at the plant. The challenges stem from a sewer discharge that has been detected flowing into the Apies River, which feeds into the Leeukraal Dam – the primary water source for Themba"
89182,2025-06-23T09:59:42,confirmed,water,rescheduled,Rescheduled water supply interruption in the Eersterust Reservoir supply area 22 June 2025,"Derdepoort 326-JR Derdepoort Park Ext 2 Despatch Eersterust Eersterust Ext 2, 3, 4, 5 and 6 Hartebeespoort 328-JR Jan Niemand Park Mamelodi Ext 13 Silvertondale Silvertondale Ext 1 and 2 Waltloo The City will try to minimise the impact of the water supply interruption",TBD,TBD,https://www.tshwane.gov.za/?p=89182,"Residents in the Eersterust Reservoir supply area are informed about the rescheduled upgrading work on the bulk water system which will take place on 25 and 26 June 2025 . The work to be carried out by the technical team entails making repairs on a leaking pressure-reducing valve (PRV) chamber, replacing the aged pipeline and installing an altitude valve to regulate water levels and flow to the reservoir. The upgrading work was initially scheduled to take place on 6 and 7 May 2025, but it was th"
88887,2025-06-12T10:50:10,confirmed,unclear,unclassified,Temporary closure of N4 Highway for critical transmission line construction – 11 June 2025,,TBD,TBD,https://www.tshwane.gov.za/?p=88887,"Motorists are notified of a temporary closure of the N4 Highway between the Simon Vermooten and Solomon Mahlangu interchanges, east of Tshwane, on Sunday, 15 June 2025, to allow for critical infrastructure work. This is a collaborative activity between the City of Tshwane Energy and Electricity Department, the South African National Roads Agency (SANRAL) and the Tshwane Metro Police Department (TMPD). The closure is essential to facilitate the safe stringing of high-voltage conductors as part of"
88787,2025-06-09T14:49:59,confirmed,water,planned_maintenance,Water supply interruption to affect Saulsville and Atteridgeville Ext 17 and 18 – 6 June 2025,,TBD,TBD,https://www.tshwane.gov.za/?p=88787,"On Wednesday, 11 June 2025, the City’s team of technicians will effect upgrading work on a 75 uPVC pipeline connecting from the tee along Masopha and Hlakola Street to Maseremule Street in Atteridgeville. The said pipeline will be upgraded to a 200 uPVC line, which is 56 m in length. This will take eight hours, from 08:00 until 16:00, to complete. Meanwhile, on Wednesday, 18 June 2025, the City will install a 150 mm PVR pipe and fittings at Atteridgeville Taxi Rank at the corner Maunde and Schur"
88743,2025-06-09T14:26:01,confirmed,water,planned_maintenance,Water supply interruption to affect Queenswood 6 June 2025,,TBD,TBD,https://www.tshwane.gov.za/?p=88743,"On Thursday, 12 June 2025, the City of Tshwane will carry out the scheduled installation of a PRV pipe and pipe fittings at Dormer Avenue between Wesley Road and Eva Avenue in Queenswood. On this day, the water supply will be affected for eight hours, from 08:00 until 16:00, in the following areas: Koedoespoort Môregloed Queenswood Queenswood Ext 2 Rietfontein Villieria The City apologises for any inconvenience that may arise during this interruption period, however, this upgrade is anticipated "
88528,2025-06-03T15:07:16,confirmed,unclear,planned_maintenance,Rand Water completes maintenance work at its Mapleton System which supplies water to parts of Tshwane 2 June 2025,. The City is pleased to inform the affected customers that the water utility started with pumping at the Mapleton System early this morning,TBD,TBD,https://www.tshwane.gov.za/?p=88528,"Rand Water has confirmed that its team of technicians has completed the four days of maintenance work, which started last week Thursday, at the Mapleton Booster Pumping Station. The water utility stopped pumping from the Mapleton System for the duration of the work, leaving various areas in Region 6 and some parts of Regions 2 and 3 without water, compelling the City to dispatch water tankers to the affected areas. The City is pleased to inform the affected customers that the water utility start"
88386,2025-05-30T09:18:56,confirmed,unclear,unclassified,Themba Water Treatment Plant temporarily shut down 29 May 2025,with water,TBD,TBD,https://www.tshwane.gov.za/?p=88386,"The City of Tshwane wishes to inform residents and stakeholders of the temporary shutdown of Themba Water Treatment Plant today, 29 May 2025, due to a critical failure in the communication cables that connect the chlorine dosing system, actuators and vacuum regulators. This system, which is housed inside the plant, doses chlorine during the water treatment process. A treatment plant cannot run without chlorine, and the City was therefore compelled to temporarily shut down operations. Earlier tod"
88246,2025-05-28T11:21:51,confirmed,electricity,unclassified,Zwartkop Substation fully operational -28 May 2025,,TBD,TBD,https://www.tshwane.gov.za/?p=88246,"Power has been restored to all the areas that are supplied by Zwartkop Substation following a gruelling eight-day repair process. The City’s energy and electricity technicians had to work around the clock through a strenuous cable installation and connection process. After completing this process, the team had to deal with the daunting task of modifying the cable end box, which serves as a connector between the cables and the main transformer at the substation. The modification process was compo"
88121,2025-05-27T15:40:51,confirmed,electricity,unclassified,Update! Power trip affecting Wolmer 132/11 kV Substation-27 May 2025,,TBD,TBD,https://www.tshwane.gov.za/?p=88121,"The City of Tshwane is delighted to report that the electricity supply has been restored to 80% of the customers that are serviced by Wolmer 132/11 kV Substation. The said substation tripped yesterday, 26 May 2025, following an explosion on Panel A1, resulting in a widespread power outage to the supply zones. The following areas have been swiftly restored: Dorandia Eldorette Heatherdale Heatherview Hesteapark Klerksoord (industrial and residential) Ninapark Theresapark Wolmer Currently, customer"
88101,2025-05-27T15:25:03,confirmed,unclear,unplanned_failure,Progress on Willow Road leakage near Unisa – 27 May 2025,,TBD,TBD,https://www.tshwane.gov.za/?p=88101,The City of Tshwane is pleased to announce that the repairs to the damaged water pipeline at Willow Road near Unisa in Sunnyside have been completed. The team has now begun to pump water into the pipeline as part of the gradual restoration process. Customers are urged to exercise patience during the pumping period as the network takes time to fully recover. The City is pleading with residents in the low-lying areas to use water sparingly when the supply is restored to allow the system to reach a
88057,2025-05-27T15:10:37,confirmed,electricity,unclassified,Zwartkop Substation restoration progress – 27 May 2025,,TBD,TBD,https://www.tshwane.gov.za/?p=88057,"The City of Tshwane’s team of energy and electricity technicians is at the final stage of repairs to Zwartkop Substation, which was damaged by fire last week Tuesday, 20 May 2025. The team has finally managed to connect the cable end box to the main transformer following a lengthy and gruelling installation process. The testing team has now successfully completed 95% of the required tests before the switching team can energise the substation. The only remaining test the team is currently working"
88044,2025-05-27T14:49:29,confirmed,unclear,unplanned_failure,Progress update on the leakage near Unisa – 26 May 2025,,TBD,TBD,https://www.tshwane.gov.za/?p=88044,"The City’s team of plumbers, which was dispatched to Willow Road in Sunnyside earlier today following the detection of a leakage, is currently trenching to expose the 400 mm HDPE pipe. The team had to first close and isolate the 375 mm steel pipe chamber next to Unisa before pumping water out from the chamber to enable them to assess the leakage. It is suspected that the valve was damaged during the repair process of the 1 000 mm HDPE pipe, which is a feeder to the damaged pipeline. Once trenchi"
87984,2025-05-26T12:58:28,confirmed,electricity,unclassified,Latest update! Zwartkop Substation repair progress,,TBD,TBD,https://www.tshwane.gov.za/?p=87984,"The City of Tshwane is pleased to announce that the cable end box, which was the only missing component towards energising Zwartkop Substation, has arrived on-site. The cable end box, which serves as a connector between the cables and the main transformer at the substation, had to undergo comprehensive modifications after suffering extensive damages during the fire incident at Zwartkop Substation. This is a meticulous process, given the age of the transformer (1972). The City’s team of technicia"
87971,2025-05-26T12:48:38,confirmed,electricity,unclassified,Latest! Zwartkop Substation repair progress,,TBD,TBD,https://www.tshwane.gov.za/?p=87971,"The City of Tshwane’s team of technicians, which has been working persistently to operationalise Zwartkop Substation, has made significant progress in its efforts to restore power to the areas that are supplied by the substation. More than 90% of the repair work has been completed. All nine single-core 11 kV cables have been joined. All multicore cables have now been installed and connected to the source. The testing team has also completed its testing work on the 11 kV breaker, relay, current t"
87952,2025-05-26T11:29:41,confirmed,unclear,planned_maintenance,Rand Water to embark on maintenance work at its Mapleton and Palmiet Systems which supply water to parts of Tshwane,,TBD,TBD,https://www.tshwane.gov.za/?p=87952,"Tshwane has been notified by Rand Water about its planned maintenance of infrastructure at its Mapleton and Palmiet Booster Pumping Stations to improve their network’s reliability and efficiency. This essential work will be carried out from 29 May to 03 June 2025 . Mapleton System The planned maintenance work, according to the water utility, involves a connection of the newly constructed B16 pipeline to Engine Room 3 at the Mapleton Booster Pumping Station. This pipeline will be supplying water "
80691,2024-11-08T15:55:03,confirmed,water,planned_maintenance,WATER SUPPLY INTERRUPTION: HIGHVELD EXT 65 – 12 November 2024,"Highveld Ext 2, 7 and 8 Irene Ext 52, 147, 155, 156, 157 and 185 The following notable places will be affected within the affected areas: Centurion Academy Centurion Residential Estate & Country Club Hyundai Centurion Makro Centurion Southdowns Centre The contact persons (for internal enquiries only) are as follows: Cleopas Kgobe (Engineering Consultant): 012 358 1527 Dlozi Matjeni (System Inspector): 012 358 6817 After hours: 012 358 2111/9999 or 080 1111 556 Residents are urged to make the following water-conservation measures part of their normal lifestyle: Do not water or irrigate gardens with hosepipes or sprinkler systems between 06:00 and 18:00",TBD,TBD,https://www.tshwane.gov.za/?p=80691,"Scheduled upgrades to the water supply network are being undertaken in Highveld Ext 65 on Kaoline Street and Olievenhoutbosch Road. Although interruptions to the water supply are avoided at all costs, it may be interrupted from time to time on Tuesday, 12 November 2024, from 08:00 to 18:00 for a water connection into the bulk water pipeline. The following areas will be affected: Highveld Ext 2, 7 and 8 Irene Ext 52, 147, 155, 156, 157 and 185 The following notable places will be affected within "
71539,2024-04-16T21:23:03,confirmed,water,rescheduled,WATER SUPPLY INTERRUPTION Muckleneuk – 14 April 2024,"Groenkloof Muckleneuk Nieuw Muckleneuk Parts of Brooklyn (William, Mackenzie, Olivier, Nicolson and Marais Street) Residents are urged to store enough water for household purposes during this time",TBD,TBD,https://www.tshwane.gov.za/?p=71539,"The water supply interruption that was scheduled for Saturday, 13 April 2024 has been postponed to Sunday, 14 April 2024. The reason for the postponement is due to the Inter-Varsity Sports Event that will be taking place on 13 April 2024 between 07:00 and 20:00 at the Tuks Groenkloof Campus. The water supply interruption is therefore scheduled for Sunday, 14 April 2024 for eight hours from 08:00 to 16:00 at Erf 514, 832 Justice Mahommed Street, Muckleneuk for the installation of an 80 mm water m"
70101,2024-03-18T11:29:14,confirmed,water,planned_maintenance,WATER SUPPLY INTERRUPTION IN VARIOUS SUBURBS – 20 March 2024,Cornwall Hill Doornkloof 391-JR Residents are urged to store enough water for household purposes during this time,TBD,TBD,https://www.tshwane.gov.za/?p=70101,"Maintenance of control valves around the Cornwall Hill Reservoir Zone is scheduled for Wednesday, 20 March 2024. Due to the maintenance, the water supply will be interrupted on this day for eight hours from 08:00 to 16:00. The following areas will be affected: Cornwall Hill Doornkloof 391-JR Residents are urged to store enough water for household purposes during this time. The City of Tshwane sincerely apologises for the inconvenience that may be encountered as a result of the above planned wate"
